-- JEU DE DONNEES POUR LA TABLE SQUAD
INSERT INTO SQUAD
VALUES ('96623dd1-c456-4780-8585-3be74b5c7679', CURRENT_TIMESTAMP, 'squad0', CURRENT_TIMESTAMP);
INSERT INTO SQUAD
VALUES ('9979dbdd-aaf8-470e-8957-cf0279d54f2f', CURRENT_TIMESTAMP, 'squad1', CURRENT_TIMESTAMP);
INSERT INTO SQUAD
VALUES ('c52fe1e9-7805-49cc-a745-7cab3baf9a41', CURRENT_TIMESTAMP, 'squad2', CURRENT_TIMESTAMP);
INSERT INTO SQUAD
VALUES ('7c2faeb9-5fbe-4323-935b-3187eab118ab', CURRENT_TIMESTAMP, 'squad3', CURRENT_TIMESTAMP);
INSERT INTO SQUAD
VALUES ('b85dcb34-3d0a-4c5c-9acd-942e5725b8c2', CURRENT_TIMESTAMP, 'squad4', CURRENT_TIMESTAMP);
INSERT INTO SQUAD
VALUES ('c0cfb437-e8a1-41dd-ae53-4a4a71019fee', CURRENT_TIMESTAMP, 'squad5', CURRENT_TIMESTAMP);
INSERT INTO SQUAD
VALUES ('019364dd-2c99-4b70-8368-f2d4b6775ff1', CURRENT_TIMESTAMP, 'squad6', CURRENT_TIMESTAMP);
INSERT INTO SQUAD
VALUES ('0b262266-d2c3-4d5d-9cb7-c934eceae6c6', CURRENT_TIMESTAMP, 'squad7', CURRENT_TIMESTAMP);
INSERT INTO SQUAD
VALUES ('9c6d66c2-0234-4935-9c89-f58b9c723961', CURRENT_TIMESTAMP, 'squad8', CURRENT_TIMESTAMP);
INSERT INTO SQUAD
VALUES ('e987444c-aa68-4cd6-bf4a-227d64593276', CURRENT_TIMESTAMP, 'squad9', CURRENT_TIMESTAMP);
INSERT INTO SQUAD
VALUES ('b9258135-ec05-4b4c-92ca-479c4521edc3', CURRENT_TIMESTAMP, 'squadUnderTest', CURRENT_TIMESTAMP);


-- JEU DE DONNEES POUR LA TABLE LEAGUE

INSERT INTO LEAGUE
VALUES ('47a80103-d694-4d72-8584-6e3ac8626014', CURRENT_TIMESTAMP, 'league0', CURRENT_TIMESTAMP);
INSERT INTO LEAGUE
VALUES ('cf979359-09d8-44d1-88b1-0504508b46ae', CURRENT_TIMESTAMP, 'league1', CURRENT_TIMESTAMP);
INSERT INTO LEAGUE
VALUES ('c0ecec18-09df-4ab6-a002-80618d970e9b', CURRENT_TIMESTAMP, 'league2', CURRENT_TIMESTAMP);
INSERT INTO LEAGUE
VALUES ('502b6b01-6899-450a-9bc7-63fd79e67968', CURRENT_TIMESTAMP, 'league3', CURRENT_TIMESTAMP);
INSERT INTO LEAGUE
VALUES ('8bbe38ea-b564-490b-94c8-956399be9bea', CURRENT_TIMESTAMP, 'league4', CURRENT_TIMESTAMP);
INSERT INTO LEAGUE
VALUES ('e8aeb0d7-f4bf-425e-84a4-939821308091', CURRENT_TIMESTAMP, 'league5', CURRENT_TIMESTAMP);
INSERT INTO LEAGUE
VALUES ('c27e1a39-4caf-4379-8bb1-4114c9d44d2d', CURRENT_TIMESTAMP, 'league6', CURRENT_TIMESTAMP);
INSERT INTO LEAGUE
VALUES ('baf2a6f7-374e-456f-877f-8939ab5605d8', CURRENT_TIMESTAMP, 'league7', CURRENT_TIMESTAMP);
INSERT INTO LEAGUE
VALUES ('2c44cd43-b058-4671-83cf-e72978b71e0f', CURRENT_TIMESTAMP, 'league8', CURRENT_TIMESTAMP);
INSERT INTO LEAGUE
VALUES ('4c110135-564b-46f1-987a-8443051a65dc', CURRENT_TIMESTAMP, 'league9', CURRENT_TIMESTAMP);

--JEU DE DONNEES POUR LA TABLE ROLE

INSERT INTO LEAGUE_SQUADS
VALUES ('47a80103-d694-4d72-8584-6e3ac8626014', '96623dd1-c456-4780-8585-3be74b5c7679');
INSERT INTO LEAGUE_SQUADS
VALUES ('cf979359-09d8-44d1-88b1-0504508b46ae', '9979dbdd-aaf8-470e-8957-cf0279d54f2f');
INSERT INTO LEAGUE_SQUADS
VALUES ('47a80103-d694-4d72-8584-6e3ac8626014', '7c2faeb9-5fbe-4323-935b-3187eab118ab');
INSERT INTO LEAGUE_SQUADS
VALUES ('cf979359-09d8-44d1-88b1-0504508b46ae', 'e987444c-aa68-4cd6-bf4a-227d64593276');

--JEU DE DONNEES POUR LA TABLE ROLE
INSERT INTO ROLE
VALUES ('272e2295-2ab4-426b-878d-2ac80bba7e09', 'ARBITRE');
INSERT INTO ROLE
VALUES ('63c5be95-9629-4d63-8302-8e76c382ef7f', 'JOUEUR');
INSERT INTO ROLE
VALUES ('bbe4eabd-4b60-4f35-a67c-2317eee8bc29', 'ADMIN');

--JEU DE DONNES POUR LA TABLE USER
INSERT INTO player
VALUES ('360a5d5e-6c59-40d7-ac1d-d7eb8b681f8d', 'Johan Laforge', '$2a$10$qH0xqVFcbiDQVKoItMvP7eZZSTHzrCiDU/5/u1.03h0L3kOKM5vCm',
        'johan.laforge@gmail.com');
INSERT INTO player
VALUES ('414a0511-7fa3-4d6b-9b78-f90534d90c32', 'Tiziano Ghisotti',
        '$2a$10$GVKzrv/AD3Pp3PRVvFyHqu4TDfkz3f3eOOcLxVp5xw938boRTX0km', 'tiziano.ghisotti@gmail.com');
INSERT INTO player
VALUES ('553d4695-5cc2-4477-9e80-3312a030eca6', 'Illiona Bernard', '$2a$10$aAxvApGv17cP3Z/mYPyXY.OE4uqYjs7RFTe6A2OsPkldZxoueFBIe',
        'illiona.bernard@gmail.com');
INSERT INTO player
VALUES ('62d8f947-4a56-44b7-81b8-e851836c8a28', 'Aida Oukrif', '$2a$10$aGtg/gLPbbC.KNwtwiUomuMRpEUlWK0qWZmcqMymRS0XNiFx8g6oe',
        'aida.oukrif@gmail.com');
INSERT INTO player
VALUES ('b172c6a8-e5e4-4b10-87f5-bf1a668930dd', 'Benjamin Krief', '$2a$10$oqqwEPq72bAC59Toawyy0O9d2eCzVJjNWd7AkXzFG6JQlg/hl1l9O',
        'benjamin.krief@gmail.com');

INSERT INTO player
VALUES ('8fb64b54-92d2-4aba-94ab-27670f6b1cc4', 'player test', '$2a$10$oqqwEPq72bAC59Toawyy0O9d2eCzVJjNWd7AkXzFG6JQlg/hl1l9O',
        'player.test@gmail.com');


--JEU DE DONNEES POUR LA TABLE USER_ROLES
INSERT INTO player_roles  VALUES ('414a0511-7fa3-4d6b-9b78-f90534d90c32', '63c5be95-9629-4d63-8302-8e76c382ef7f');
INSERT INTO player_roles  VALUES ('62d8f947-4a56-44b7-81b8-e851836c8a28', 'bbe4eabd-4b60-4f35-a67c-2317eee8bc29');
INSERT INTO player_roles  VALUES ('360a5d5e-6c59-40d7-ac1d-d7eb8b681f8d', '272e2295-2ab4-426b-878d-2ac80bba7e09');
INSERT INTO player_roles  VALUES ('553d4695-5cc2-4477-9e80-3312a030eca6', 'bbe4eabd-4b60-4f35-a67c-2317eee8bc29');
INSERT INTO player_roles  VALUES ('b172c6a8-e5e4-4b10-87f5-bf1a668930dd', '63c5be95-9629-4d63-8302-8e76c382ef7f');
INSERT INTO player_roles  VALUES ('8fb64b54-92d2-4aba-94ab-27670f6b1cc4', '63c5be95-9629-4d63-8302-8e76c382ef7f');


--JEU DE DONNEES POUR LA TABLE SQUAD_MEMBERS
INSERT INTO SQUAD_MEMBERS
VALUES ('96623dd1-c456-4780-8585-3be74b5c7679', '360a5d5e-6c59-40d7-ac1d-d7eb8b681f8d');

INSERT INTO SQUAD_MEMBERS
VALUES ('96623dd1-c456-4780-8585-3be74b5c7679', '414a0511-7fa3-4d6b-9b78-f90534d90c32');

INSERT INTO SQUAD_MEMBERS
VALUES ('9979dbdd-aaf8-470e-8957-cf0279d54f2f', '553d4695-5cc2-4477-9e80-3312a030eca6');

INSERT INTO SQUAD_MEMBERS
VALUES ('9979dbdd-aaf8-470e-8957-cf0279d54f2f', '62d8f947-4a56-44b7-81b8-e851836c8a28');


